[{
  "_id": {
    "$oid": "907f1f77bcf86cd799439018"
  },
  "client_id": {
    "$oid": "707f1f77bcf86cd799439014"
  },
  "voiture_id": {
    "$oid": "807f1f77bcf86cd799439016"
  },
  "manager_traiteur_id": {
    "$oid": "607f1f77bcf86cd799439012"
  },
  "manager_createur_id": {
    "$oid": "607f1f77bcf86cd799439012"
  },
  "date_debut": "2025-04-16",
  "date_fin": "2025-05-31",
  "prix_total": "3244",
  "statut": "acceptée",
  "date_reservation": "2025-04-15",
  "paiement": {
    "methode": "carte",
    "statut": "payée",
    "date_paiement": {
      "$date": "2025-04-15T00:00:00.000Z"
    }
  }
},
{
  "_id": {
    "$oid": "682bcf1572c00c7c48935e5c"
  },
  "client_id": {
    "$oid": "681395bc43a4f15a01746024"
  },
  "voiture_id": {
    "$oid": "68138494874297fb694264d5"
  },
  "date_debut": "2025-05-19",
  "date_fin": "2025-05-25",
  "prix_total": 98,
  "discount": 20,
  "statut": "acceptée",
  "date_reservation": "2025-05-20",
  "paiement": {
    "methode": "card",
    "statut": "payée"
  }
},
{
  "_id": {
    "$oid": "682c5c52991d4d629aa086d7"
  },
  "client_id": {
    "$oid": "707f1f77bcf86cd799439014"
  },
  "voiture_id": {
    "$oid": "682bee83991d4d629aa086d5"
  },
  "date_debut": "2025-05-20",
  "date_fin": "2025-05-28",
  "prix_total": 7200,
  "discount": 0,
  "statut": "refusée",
  "date_reservation": "2025-05-20",
  "paiement": {
    "methode": "card",
    "statut": "non payée"
  }
},
{
  "_id": {
    "$oid": "68396f79cb16f976cb794f64"
  },
  "client_id": {
    "$oid": "707f1f77bcf86cd799439014"
  },
  "voiture_id": {
    "$oid": "68138494874297fb694264d5"
  },
  "date_debut": "2025-05-01",
  "date_fin": "2025-06-03",
  "prix_total": 4059,
  "discount": 0,
  "statut": "acceptée",
  "date_reservation": "2025-05-30",
  "paiement": {
    "methode": "card",
    "statut": "payée"
  }
},
{
  "_id": {
    "$oid": "68399358afbe95c8c9a48adb"
  },
  "client_id": {
    "$oid": "707f1f77bcf86cd799439014"
  },
  "voiture_id": {
    "$oid": "6813962043a4f15a01746026"
  },
  "date_debut": "2025-05-31",
  "date_fin": "2025-09-07",
  "prix_total": 217250,
  "discount": 50,
  "statut": "acceptée",
  "date_reservation": "2025-05-30",
  "paiement": {
    "methode": "cash",
    "statut": "payée"
  }
},
{
  "_id": {
    "$oid": "6839c3855d7220b5e33ecf91"
  },
  "client_id": {
    "$oid": "707f1f77bcf86cd799439014"
  },
  "voiture_id": {
    "$oid": "682e3f647b352054134192a1"
  },
  "date_debut": "2025-05-29",
  "date_fin": "2025-05-31",
  "prix_total": 46,
  "discount": 0,
  "statut": "acceptée",
  "date_reservation": "2025-05-30",
  "paiement": {
    "methode": "card",
    "statut": "non payée"
  }
},
{
  "_id": {
    "$oid": "6839c8135d7220b5e33ecf93"
  },
  "client_id": {
    "$oid": "6839c4135d7220b5e33ecf92"
  },
  "voiture_id": {
    "$oid": "682bee83991d4d629aa086d5"
  },
  "date_debut": "2025-06-01",
  "date_fin": "2025-07-05",
  "prix_total": 12240,
  "discount": 60,
  "statut": "en attente",
  "date_reservation": "2025-05-30",
  "paiement": {
    "methode": "cash",
    "statut": "payée"
  }
},
{
  "_id": {
    "$oid": "6839cebcfd98c6c937b470c6"
  },
  "client_id": {
    "$oid": "6839ce99fd98c6c937b470c5"
  },
  "voiture_id": {
    "$oid": "682e3f647b352054134192a1"
  },
  "date_debut": "2025-06-07",
  "date_fin": "2025-06-14",
  "prix_total": 161,
  "discount": 0,
  "statut": "acceptée",
  "date_reservation": "2025-05-30",
  "paiement": {
    "methode": "card",
    "statut": "non payée"
  }
}]