[{
  "_id": {
    "$oid": "707f1f77bcf86cd799439014"
  },
  "nom": "Ez-zahori",
  "prenom": "Wiam",
  "email": "wiam@gmail.com",
  "telephone": "+21261123344",
  "adresse": {
    "rue": "123 rue des Fleurs",
    "immeuble": "Al Qods",
    "appartement": "5B",
    "ville": "Rabat",
    "code_postal": "10000"
  },
  "permis_conduire": "B",
  "numero_permis": "WIAM12345678",
  "date_expiration": {
    "$date": "2030-12-31T00:00:00.000Z"
  },
  "CIN": "AB123456",
  "date_ajout": {
    "$date": "2025-04-25T17:01:13.467Z"
  },
  "photo": "https://example.com/photos/wiam.jpg"
},
{
  "_id": {
    "$oid": "681395bc43a4f15a01746024"
  },
  "nom": "Sadki",
  "prenom": "Mohamed",
  "email": "sadki@gmail.com",
  "telephone": "+212 792887788",
  "adresse": {
    "rue": "Mhannech",
    "immeuble": "nan",
    "appartement": "4345",
    "ville": "TETOUAN",
    "code_postal": "9277"
  },
  "CIN": "ID552",
  "permis_conduire": "B",
  "numero_permis": "AB-11-BAN"
},
{
  "_id": {
    "$oid": "6839c4135d7220b5e33ecf92"
  },
  "nom": "EL MOURABET",
  "prenom": "NADA",
  "email": "nada@gmail.com",
  "telephone": "0705030303",
  "adresse": {
    "rue": "madine",
    "immeuble": "immani",
    "appartement": "aamla",
    "ville": "TANGIER",
    "code_postal": "93002"
  },
  "CIN": "122AAC",
  "permis_conduire": "B",
  "numero_permis": "12-AB-22"
},
{
  "_id": {
    "$oid": "6839ce99fd98c6c937b470c5"
  },
  "nom": "CLIENT15",
  "prenom": "CLIENTCLIENT",
  "email": "client15@gmail.com",
  "telephone": "0734443330",
  "adresse": {
    "rue": "RUE",
    "immeuble": "IMMEUBLE",
    "appartement": "APPARTEMENT",
    "ville": "TETOUAN",
    "code_postal": "91666"
  },
  "CIN": "I14421",
  "permis_conduire": "B",
  "numero_permis": "AB-12-BB"
}]