[{
  "_id": {
    "$oid": "807f1f77bcf86cd799439016"
  },
  "marque": "Toyota",
  "modele": "Corola",
  "annee": 2023,
  "immatriculation": "AB-123-CD",
  "couleur": "Bleu",
  "kilometrage": 15000,
  "prix_journalier": 50,
  "status": "disponible",
  "type_carburant": "Hybride",
  "nombre_places": 6,
  "options": [
    "GPS",
    "Climatisation"
  ],
  "date_ajout": {
    "$date": "2025-04-25T17:01:13.491Z"
  },
  "image": "/images/golf.jpeg"
},
{
  "_id": {
    "$oid": "807f1f77bcf86cd799439017"
  },
  "marque": "Renault",
  "modele": "Clio",
  "annee": 2022,
  "immatriculation": "EF-456-GH",
  "couleur": "Rouge",
  "kilometrage": 20000,
  "prix_journalier": 35,
  "status": "disponible",
  "type_carburant": "Essence",
  "nombre_places": 5,
  "options": [
    "Bluetooth"
  ],
  "date_ajout": {
    "$date": "2025-04-25T17:01:13.492Z"
  },
  "image": "/images/dacia2.jpg"
},
{
  "_id": {
    "$oid": "68138494874297fb694264d5"
  },
  "marque": "mercedes",
  "modele": "camry",
  "plaque_immatriculation": "",
  "type_carburant": "electric",
  "kilometrage": 3343,
  "prix_journalier": 123,
  "couleur": "red",
  "nombre_places": 4,
  "options": [],
  "status": "indisponible",
  "image": "/images/Peugeot208.jpg",
  "immatriculation": "abc 123",
  "annee": 2015
},
{
  "_id": {
    "$oid": "6813962043a4f15a01746026"
  },
  "marque": "Renault",
  "modele": "SYNEC",
  "plaque_immatriculation": "abc 123",
  "type_carburant": "hybrid",
  "kilometrage": 6,
  "prix_journalier": 4345,
  "couleur": "White",
  "nombre_places": 6,
  "options": [],
  "status": "indisponible",
  "image": "/images/subaru.jpeg",
  "immatriculation": "abc 124",
  "annee": 2024
},
{
  "_id": {
    "$oid": "68285f50b7a44ced8ed77662"
  },
  "marque": "carBrand",
  "modele": "carModel",
  "plaque_immatriculation": "abc-333",
  "type_carburant": "gasoline",
  "kilometrage": 22,
  "prix_journalier": 450,
  "couleur": "blue",
  "nombre_places": 2,
  "options": [],
  "status": "disponible",
  "image": "/images/subaru.jpg",
  "immatriculation": "abc 125",
  "annee": 2012
},
{
  "_id": {
    "$oid": "68286317c9da4f272f09df89"
  },
  "marque": "carBrand2",
  "modele": "carModel2",
  "plaque_immatriculation": "abc-433",
  "type_carburant": "gasoline",
  "kilometrage": 23,
  "prix_journalier": 231,
  "couleur": "blue",
  "nombre_places": 5,
  "options": [],
  "status": "indisponible",
  "image": "/images/tesla3.jpeg",
  "immatriculation": "abc 1266",
  "annee": 2020
},
{
  "_id": {
    "$oid": "682bee83991d4d629aa086d5"
  },
  "marque": "FORD",
  "modele": "MUSTANG",
  "annee": 2012,
  "immatriculation": "FR-222-MT",
  "couleur": "Black",
  "kilometrage": 3434,
  "prix_journalier": 900,
  "status": "indisponible",
  "type_carburant": "Essence",
  "nombre_places": 5,
  "options": [
    "GPS",
    "Bluetooth"
  ],
  "date_ajout": {
    "$date": "2025-05-20T03:52:51.738Z"
  },
  "image": "/images/dacia2.jpg"
},
{
  "_id": {
    "$oid": "682e3f647b352054134192a1"
  },
  "marque": "Peugeot",
  "modele": "208 GT",
  "annee": 2012,
  "immatriculation": "FD 66 BDB",
  "couleur": "Gray",
  "kilometrage": 2000,
  "prix_journalier": 23,
  "status": "disponible",
  "type_carburant": "Essence",
  "nombre_places": 5,
  "options": [
    "GPS",
    "BLuetooth"
  ],
  "date_ajout": {
    "$date": "2025-05-21T22:02:28.208Z"
  },
  "image": "/images/chess_day.jpg"
}]