[{
  "_id": {
    "$oid": "607f1f77bcf86cd799439012"
  },
  "nom": "EL MOURABET",
  "prenom": "NADA",
  "email": "nada@gmail.com",
  "mot_de_passe": "$2a$10$7H5jz8mN9p6B5v3D2c1VbO3x4Y6Z7C8D9E0F1G2H3I4J5K6L7M8N",
  "telephone": "+212 612345679",
  "date_creation": {
    "$date": "2025-04-25T17:01:13.442Z"
  },
  "statut": "inactif"
},
{
  "_id": {
    "$oid": "607f1f77bcf86cd799439013"
  },
  "nom": "Sadki",
  "prenom": "Mohamed",
  "email": "mohamed.sadki@gmail.com",
  "mot_de_passe": "$2a$10$7H5jz8mN9p6B5v3D2c1VbO3x4Y6Z7C8D9E0F1G2H3I4J5K6L7M8N",
  "telephone": "+212687654331",
  "date_creation": {
    "$date": "2025-04-25T17:01:13.442Z"
  },
  "statut": "actif"
},
{
  "_id": {
    "$oid": "6839caf2fd98c6c937b470c3"
  },
  "nom": "Ezzahori",
  "prenom": "wiam",
  "email": "wiam@gmail.Com",
  "mot_de_passe": "$2b$12$5myOKK5gyunS25ulZjT9ZeVQkzpUPZDRJsCwRXuE8L0ooLeXTfuGm",
  "telephone": "+212 606009955",
  "statut": "actif",
  "date_creation": "2025-05-30T15:12:49.187Z"
}]